{"cameraMode":{"drawMode":0,"name":"Shaded","section":"Shading Mode"},"sceneLighting":true,"audioPlay":false,"sceneViewState":{"m_AlwaysRefresh":false,"showFog":true,"showSkybox":true,"showFlares":true,"showImageEffects":true,"showParticleSystems":true,"showVisualEffectGraphs":true,"m_FxEnabled":true},"in2DMode":false,"pivot":{"x":8.459229469299317,"y":2.440990447998047,"z":-0.9742911458015442},"rotation":{"x":-0.11937115341424942,"y":-0.23035652935504914,"z":-0.028433796018362047,"w":0.9654973745346069},"size":6.582587242126465,"orthographic":true}