{"cameraMode":{"drawMode":0,"name":"Shaded","section":"Shading Mode"},"sceneLighting":true,"audioPlay":false,"sceneViewState":{"m_AlwaysRefresh":false,"showFog":true,"showSkybox":true,"showFlares":true,"showImageEffects":true,"showParticleSystems":true,"showVisualEffectGraphs":true,"m_FxEnabled":true},"in2DMode":false,"pivot":{"x":-0.993671178817749,"y":0.9182572364807129,"z":0.5035747289657593},"rotation":{"x":0.19123244285583497,"y":-0.7121495008468628,"z":0.21237532794475556,"w":0.6413149237632752},"size":2.0354955196380617,"orthographic":false}